step,command,k,ref_x,ref_y,fovea_x,fovea_y,start_id,start,expected_id,expected,landed_id,verdict,nearest_id,nearest_px,snap_px,trial_id,linguistic,visual,trial,batch,accuracy
1,down,1,152.0,0.0,140.0,44.0,0,background,4,object 4 (bottom-right),2,WRONG - expected object 4 (bottom-right),2,24.3,19.4,0052,0,0,5,2,30.0
2,down,1,140.0,44.0,147.0,81.0,2,object 2 (top-right),4,object 4 (bottom-right),0,WRONG - expected object 4 (bottom-right),4,32.7,19.4,0052,0,0,5,2,30.0
3,left,1,147.0,81.0,100.0,62.0,0,background,4,object 4 (bottom-right),0,FAILED - did not move,2,35.1,19.4,0052,0,0,5,2,30.0
4,left,1,100.0,62.0,68.0,80.0,0,background,1,object 1 (top-left),3,WRONG - expected object 1 (top-left),3,22.4,19.4,0052,0,0,5,2,30.0
5,up,1,68.0,80.0,64.0,31.0,3,object 3 (bottom-left),1,object 1 (top-left),1,OK,1,10.4,19.4,0052,0,0,5,2,30.0
6,down,1,64.0,31.0,68.0,81.0,1,object 1 (top-left),3,object 3 (bottom-left),3,OK,3,21.7,19.4,0052,0,0,5,2,30.0
7,down,1,68.0,81.0,86.0,125.0,3,object 3 (bottom-left),0,background,0,no object that way,3,42.6,19.4,0052,0,0,5,2,30.0
8,right,1,86.0,125.0,94.0,126.0,0,background,4,object 4 (bottom-right),0,FAILED - did not move,4,37.9,19.4,0052,0,0,5,2,30.0
9,left,1,94.0,126.0,27.0,126.0,0,background,3,object 3 (bottom-left),0,FAILED - did not move,3,39.2,19.4,0052,0,0,5,2,30.0
10,right,1,27.0,126.0,92.0,124.0,0,background,4,object 4 (bottom-right),0,FAILED - did not move,4,37.8,19.4,0052,0,0,5,2,30.0
